Proxy IP,Proxy Port,Last Check,Proxy Speed,Uptime,Proxy Country,Anonymity
102-23-140-122.k3sierraleone.net,8080,2 mins ago,3417 ms,"11%
                    
                     (214)","Sierra Leone

                                                     - Freetown",Transparent
"document.write(""12.73.0.94"".split("""").reverse().join(""""))49.0.37.21",8080,2 mins ago,4040 ms,"6%
                    
                     (213)","Bangladesh

                                                     - Dhaka",Transparent
"document.write(""10"".repeat(2).substring(2).concat([59,54,58].map((code) => String.fromCharCode(code-8)).join("""")).concat(""52.671.6"".split("""").reverse().join("""")))103.26.176.25",80,2 mins ago,4058 ms,"12%
                    
                     (207)",Indonesia,Transparent
"document.write(""611.14115.147.16.611.1471"".substring(8-2, 15+2).concat(""20"".repeat(1).substring(0)).concat(""55"".substring(0+1, 2+0)))115.147.16.205",5050,2 mins ago,4297 ms,"6%
                    
                     (207)","Philippines

                                                     - Quezon City",Transparent
"document.write("".452.93.491"".split("""").reverse().join("""").concat(""5355"".substring(0+1, 2+1)))194.39.254.35",80,2 mins ago,680 ms,"98%
                    
                     (210)",Iran,Transparent
"document.write(""2252.188.2822881.5"".substring(1+1, 10+1).concat("".218"".repeat(2).substring(4)))52.188.28.218",3128,2 mins ago,3517 ms,"67%
                    
                     (220)","United States

                                                     - Washington",Anonymous
"document.write(atob(""MTU5LjI="").concat(atob(""MDMuNjEuMTY5"")))159.203.61.169",8080,2 mins ago,565 ms,"89%
                    
                     (206)","Canada

                                                     - Toronto",Elite
"document.write(atob(""NjcuNDMuMjM="").concat(atob(""Ni4yMA=="")))67.43.236.20",5545,2 mins ago,1522 ms,"9%
                    
                     (234)",Canada,Elite
"document.write(atob(""MTU0LjE2LjE0Ni40"").concat(""777"".substring(1+0, 1+1)))154.16.146.47",80,2 mins ago,1751 ms,"84%
                    
                     (221)","United States

                                                     - Buffalo",Elite
"document.write("".432.561.21"".split("""").reverse().join("""").concat(""942"".split("""").reverse().join("""")))12.165.234.249",16096,2 mins ago,3439 ms,"3%
                    
                     (217)","United States

                                                     - Hoxie",Transparent
caril.static.korbank.pl,8080,2 mins ago,1122 ms,"79%
                    
                     (220)","Poland

                                                     - Wroclaw",Elite
cust-76-72-147-141.static.razzolink.com,3128,2 mins ago,3363 ms,"14%
                    
                     (225)","United States

                                                     - Hollister",Transparent
"document.write(""11.381.651.34"".split("""").reverse().join("""").concat(""22"".substring(0+0, 0+1)))43.156.183.112",1080,2 mins ago,845 ms,"77%
                    
                     (219)","Singapore

                                                     - Singapore",Elite
16.253.telone.co.zw,80,2 mins ago,1031 ms,"99%
                    
                     (225)","Zimbabwe

                                                     - Harare",Anonymous
"document.write([54,59,49,52,60,60,49,54,51,49].map((code) => String.fromCharCode(code-3)).join("""").concat(""919591"".substring(2-1, 4+0)))38.199.30.195",999,2 mins ago,4232 ms,"9%
                    
                     (224)",Colombia,Transparent
host.46.221.190.194.gigt.net,8080,2 mins ago,3694 ms,"9%
                    
                     (234)",Russia,Transparent
"document.write(""2.91.72190.242.1572."".substring(6+1, 36-18).concat("".215"".repeat(1).substring(0)))190.242.157.215",8080,2 mins ago,693 ms,"100%
                    
                     (223)","Colombia

                                                     - Santiago de Cali",Transparent
bft-101-62.tm.net.my,80,2 mins ago,2255 ms,"73%
                    
                     (226)","Malaysia

                                                     - Shah Alam",Anonymous
pool-37-140-51-159.is74.ru,80,2 mins ago,2464 ms,"35%
                    
                     (227)","Russia

                                                     - Magnitogorsk",Elite
"document.write(atob(""NTkuMTEwLjEzOS43Mg==""))59.110.139.72",9030,2 mins ago,1207 ms,"74%
                    
                     (230)","China

                                                     - Beijing",Elite
"document.write("".6186.96.111..6618"".substring(1+1, 12+1).concat(""214214214"".substring(5-2, 8-2)))186.96.111.214",999,2 mins ago,3573 ms,"41%
                    
                     (227)","Colombia

                                                     - Bogotá",Transparent
"document.write(""65812..158.216.16581"".substring(14-6, 32-16).concat(""019.09.14"".substring(6-2, 4+5)))58.216.109.14",800,2 mins ago,1075 ms,"99%
                    
                     (229)",China,Elite
"document.write(""9746647.96.42.3697"".substring(2+3, 11+5))47.96.42.36",80,2 mins ago,1026 ms,"100%
                    
                     (230)","China

                                                     - Hangzhou",Transparent
"document.write(""612.85"".split("""").reverse().join("""").concat("".109.17"".repeat(3).substring(14)))58.216.109.17",800,2 mins ago,1200 ms,"100%
                    
                     (229)",China,Elite
ipv4-86-113.254.116.as55666.net,8080,2 mins ago,4596 ms,"4%
                    
                     (228)",Indonesia,Transparent
"document.write(""0.2..0227211220.122.70.10.2"".substring(6+6, 35-11).concat(""98"".split("""").reverse().join("""")))220.122.70.189",80,2 mins ago,1398 ms,"87%
                    
                     (227)","South Korea

                                                     - Gyeongsan-si",Transparent
"document.write(""1.051"".split("""").reverse().join("""").concat(atob(""MDcuMTM2Lg=="")).concat(""502"".split("""").reverse().join("""")))150.107.136.205",39843,3 mins ago,4348 ms,"2%
                    
                     (144)","Indonesia

                                                     - Medan",Elite
"document.write(""4.236.30123.143.160.1934.236"".substring(15-6, 17+6))23.143.160.193",999,3 mins ago,4004 ms,"8%
                    
                     (197)","Puerto Rico

                                                     - Peñuelas",Transparent
"document.write(atob(""OC4xMzAuMzQuNDQ=""))8.130.34.44",80,3 mins ago,2923 ms,"48%
                    
                     (53)","China

                                                     - Beijing",Elite
"document.write(atob(""MzkuMTAyLjIxNA=="").concat(atob(""LjIwOA=="")))39.102.214.208",10002,3 mins ago,2458 ms,"24%
                    
                     (204)","China

                                                     - Beijing",Elite
static.vnpt.vn,7777,3 mins ago,1437 ms,"98%
                    
                     (201)",Vietnam,Elite
ip167.rajeg.net.id,8080,3 mins ago,3577 ms,"16%
                    
                     (202)","Indonesia

                                                     - Jakarta",Transparent
"document.write(atob(""NjcuNDMuMjM2"").concat(""02..2002"".substring(1+2, 11-5)))67.43.236.20",4277,3 mins ago,1259 ms,"3%
                    
                     (209)",Canada,Elite
138-0-143-120.fnettelecom.com.br,8080,3 mins ago,4140 ms,"8%
                    
                     (202)","Brazil

                                                     - Mirandópolis",Elite
"document.write(""151...466214156.244.11.615"".substring(6+6, 31-7))156.244.11.6",82,3 mins ago,2345 ms,"36%
                    
                     (203)","Saudi Arabia

                                                     - Riyadh",Elite
